{"_runtime":3.0770833,"_step":1,"examples":{"artifact_path":"wandb-client-artifact://8kovd1qsobu9mluj48y6l0q795mhxvw5c4mr7frtggh90abz14fd685nttlac1b8kchr1gcepizpdtr3t9w3suk97p1e52wm1ua6dj1z91y5sfld8uz3btm70r2opsqi/examples.table.json","_latest_artifact_path":"wandb-client-artifact://mt1e1omc4q4cjaw4pkbjmzzks9ur8lmdpwwgqvjzjlj3filn749xqhk7yi0nfdm1utbfe3ewtymh1ey1wa9hryj2qhgd7a6s65vbipfikvyqdg3go62uqyq6icr4d1an:latest/examples.table.json","path":"media/table/examples_1_28c153649dea18f6b1c1.table.json","ncols":3,"nrows":5,"_type":"table-file","sha256":"28c153649dea18f6b1c1754cd49694bac456d0d9571294d75efdc375e41ab670","size":845},"_wandb":{"runtime":3},"bleu":0.012185454584694977,"meteor":0.09636197518360065,"cider":0.3209508710468011,"_timestamp":1.7475690337815845e+09}